userID,mail,name,DoB,sex
1,jthal0@state.gov,Jedidiah Thal,25-02-2024,Male
2,hyoung1@qq.com,Hope Young,30-06-2023,Female
3,sblacket2@cnet.com,Shermie Blacket,20-04-2023,Male
4,kcomello3@furl.net,Krishna Comello,20-02-2024,Male
5,mnorcliff4@hatena.ne.jp,Murielle Norcliff,25-08-2023,Female
6,spembridge5@epa.gov,Stearn Pembridge,19-10-2023,Male
7,sbeevor6@chron.com,Sharia Beevor,14-03-2024,Female
8,mdecaze7@tuttocitta.it,Marjie Decaze,27-08-2023,Female
9,dkeeney8@theglobeandmail.com,Dory Keeney,24-08-2023,Male
10,slampaert9@wsj.com,Solomon Lampaert,11-04-2023,Male
11,ehalladaya@arizona.edu,Ed Halladay,30-01-2024,Male
12,ochateletb@comsenz.com,Oberon Chatelet,17-03-2024,Male
13,lnanoc@vkontakte.ru,Lilias Nano,11-09-2023,Female
14,rmoggachd@businesswire.com,Reggie Moggach,12-12-2023,Female
15,abaffine@macromedia.com,Arlan Baffin,22-09-2023,Male
16,adartnellf@narod.ru,Alano Dartnell,19-10-2023,Male
17,mmchardyg@hibu.com,Marcel McHardy,17-05-2023,Male
18,zboddamh@google.nl,Zackariah Boddam,01-09-2023,Male
19,bwillmani@forbes.com,Buiron Willman,22-08-2023,Male
20,ehailj@hc360.com,Ev Hail,22-07-2023,Male
21,mstockneyk@reference.com,Margareta Stockney,19-03-2024,Female
22,jrosariol@thetimes.co.uk,Junie Rosario,21-06-2023,Female
23,dhansomm@senate.gov,Donalt Hansom,16-03-2024,Male
24,jwaistelln@istockphoto.com,Jaquith Waistell,03-06-2023,Female
25,vraupricho@stumbleupon.com,Vilhelmina Rauprich,16-08-2023,Female
26,lyakovichp@yandex.ru,Lukas Yakovich,15-12-2023,Male
27,bbuyersq@1und1.de,Bethanne Buyers,09-01-2024,Female
28,rbowndr@mapquest.com,Rosetta Bownd,16-11-2023,Female
29,ljindraceks@ft.com,Lannie Jindracek,02-11-2023,Male
30,fgrishenkovt@topsy.com,Faythe Grishenkov,11-06-2023,Female